Candidate Name,Email,Department Code,Clarity of questions,Usability of Test Interface,Usability of Code Editor,Fairness of skill assessment,Extra Comment
Beecher,Beecher1970@yahoo.com,B,4.0,4.0,4.0,4.0,
Kelsie,Kelsie1983@yahoo.com,D,5.0,1.0,5.0,5.0,Please provide all test cases available to programmer if possible.
Gianni,Gianni1981@,B,3.0,3.0,3.0,3.0,
Clemmie,Clemmie1983@gmail.com,A,3.0,3.0,3.0,3.0,
Jerel,Jerel1987@gmail.com,D,4.0,4.0,4.0,3.0,
Isam,Isam1977@company.com,D,5.0,5.0,5.0,5.0,
Arnav,Arnav1979@yahoo.com,A,5.0,5.0,5.0,5.0,
Onie,Onie1976@,D,4.0,4.0,4.0,4.0,
Mikel,Mikel1990@gmail.com,E,5.0,5.0,5.0,5.0,
Jaida,Jaida1991@company.com,C,3.0,3.0,2.0,3.0,
Chanel,Chanel1980@hotmail.com,C,3.0,3.0,3.0,3.0,
Vinie,Vinie1980@hotmail.com,H,1.0,1.0,1.0,1.0,questions were not clear at all..leetcode is far better platform . I wasted 2 hour to solve runtime error but still didn't know why i it was giving that. 
Joel,Joel1983@company.in,B,3.0,3.0,3.0,3.0,
Delois,Delois1989@yahoo.com,D,5.0,5.0,5.0,5.0,
Alberta,Alberta1987@hotmail.com,E,5.0,5.0,5.0,5.0,
Anna,Anna1973@yahoo.com,D,4.0,4.0,4.0,4.0,
Emelia,Emelia1976@company.in,A,5.0,3.0,5.0,5.0,
Gretchen,Gretchen1985@company.com,G,5.0,5.0,5.0,5.0,
Tolbert,Tolbert1971@hotmail.com,E,5.0,5.0,5.0,5.0,
Porfirio,Porfirio1987@company.in,A,4.0,4.0,4.0,4.0,
Urijah,Urijah1982@hotmail.com,E,4.0,5.0,5.0,5.0,
Harm,Harm1993@,B,4.0,4.0,4.0,3.0,
Bulah,Bulah1978@company.in,G,5.0,2.0,2.0,1.0,
Nena,Nena1971@yahoo.com,F,3.0,3.0,4.0,3.0,
Dorothea,Dorothea1981@yahoo.com,G,5.0,4.0,5.0,4.0,
Wilbert,Wilbert1993@hotmail.com,H,5.0,4.0,2.0,4.0,
Nylah,Nylah1978@,H,4.0,4.0,5.0,4.0,
Florence,Florence1977@hotmail.com,A,3.0,2.0,3.0,3.0,"good task in this server_x005F_x000D_
"
Syed,Syed1978@gmail.com,F,3.0,3.0,3.0,3.0,
Desmond,Desmond1976@,E,4.0,5.0,5.0,5.0,
Ryne,Ryne1984@hotmail.com,F,4.0,4.0,4.0,4.0,
Tella,Tella1997@,G,5.0,5.0,5.0,5.0,
Mercy,Mercy1977@company.com,D,5.0,5.0,5.0,5.0,
Joycelyn,Joycelyn1983@company.in,B,4.0,4.0,4.0,4.0,
Jovanny,Jovanny1987@yahoo.com,C,5.0,5.0,5.0,5.0,
Audrey,Audrey1993@,A,4.0,5.0,5.0,5.0,
Aura,Aura1988@gmail.com,G,3.0,4.0,3.0,4.0,
Waverly,Waverly1998@,E,5.0,5.0,5.0,5.0,
Vergil,Vergil1979@hotmail.com,A,2.0,3.0,3.0,3.0,
Martine,Martine1974@gmail.com,D,5.0,5.0,5.0,5.0,"Good experience_x005F_x000D_
"
Junie,Junie1996@yahoo.com,C,5.0,5.0,5.0,5.0,
Annemarie,Annemarie1987@yahoo.com,G,4.0,5.0,5.0,5.0,no
Bena,Bena1975@company.in,E,4.0,1.0,1.0,4.0,
Lexis,Lexis1991@company.in,B,5.0,5.0,5.0,5.0,
Kenney,Kenney1977@,A,3.0,2.0,4.0,4.0,
Yael,Yael1981@company.com,G,1.0,5.0,5.0,3.0,
Janeen,Janeen1998@gmail.com,F,5.0,4.0,4.0,4.0,
Alijah,Alijah1996@gmail.com,D,5.0,5.0,5.0,5.0,
Dustin,Dustin1996@yahoo.com,E,4.0,5.0,4.0,4.0,
Marjorie,Marjorie1982@gmail.com,H,5.0,5.0,5.0,5.0,
Cora,Cora1970@gmail.com,E,5.0,4.0,3.0,4.0,
Charity,Charity1994@yahoo.com,A,4.0,3.0,5.0,3.0,
Eva,Eva1972@yahoo.com,E,3.0,2.0,,,
Evelin,Evelin1989@,E,3.0,4.0,4.0,5.0,
Olin,Olin1998@,D,5.0,5.0,5.0,5.0,
Colter,Colter1980@hotmail.com,D,3.0,3.0,3.0,3.0,
Yehuda,Yehuda1978@company.com,B,5.0,5.0,5.0,5.0,
Halle,Halle1992@company.in,H,4.0,4.0,4.0,4.0,
Amara,Amara1988@,G,4.0,4.0,4.0,2.0,
Judyth,Judyth1999@hotmail.com,D,4.0,4.0,4.0,4.0,
Emory,Emory1993@,H,1.0,4.0,4.0,2.0,
Mason,Mason1987@hotmail.com,C,2.0,5.0,5.0,5.0,
Tiarra,Tiarra1983@company.in,E,5.0,5.0,5.0,5.0,
Marshal,Marshal1978@gmail.com,B,5.0,5.0,5.0,5.0,
Hassie,Hassie1996@yahoo.com,H,5.0,5.0,5.0,5.0,
Arvo,Arvo1987@company.com,H,2.0,1.0,3.0,1.0,
Ebba,Ebba1985@company.in,B,5.0,5.0,5.0,5.0,
Serenity,Serenity1974@company.com,F,5.0,5.0,4.0,4.0,
Tripp,Tripp1972@company.com,B,1.0,1.0,1.0,1.0,
Cassidy,Cassidy1985@,D,4.0,5.0,4.0,4.0,
Gladstone,Gladstone1982@company.in,F,3.0,3.0,1.0,3.0,
Marnita,Marnita1976@yahoo.com,A,5.0,5.0,5.0,5.0,
Desi,Desi1974@company.in,A,4.0,4.0,4.0,4.0,
Thekla,Thekla1997@company.com,E,4.0,4.0,4.0,5.0,
Ewart,Ewart1986@,F,4.0,4.0,5.0,4.0,
Winnifred,Winnifred1999@company.in,D,5.0,5.0,5.0,5.0,
Alonzo,Alonzo1986@,G,5.0,5.0,5.0,5.0,
Dave,Dave1976@company.in,E,4.0,4.0,4.0,4.0,
Ferd,Ferd1988@company.com,G,3.0,4.0,4.0,4.0,
Leamon,Leamon1970@company.com,D,3.0,1.0,1.0,1.0,
Latesha,Latesha1992@gmail.com,H,1.0,1.0,1.0,1.0,
Wiliam,Wiliam1998@hotmail.com,B,3.0,4.0,4.0,3.0,
Kevon,Kevon1992@,A,1.0,2.0,4.0,2.0,
Debrah,Debrah1992@gmail.com,A,5.0,5.0,5.0,5.0,
Frankie,Frankie1984@yahoo.com,G,3.0,3.0,2.0,2.0,
Geraldine,Geraldine1987@company.in,F,5.0,5.0,5.0,5.0,
Consuelo,Consuelo1990@company.in,C,5.0,5.0,3.0,5.0,
Dyllan,Dyllan1975@gmail.com,D,3.0,3.0,3.0,3.0,
Damion,Damion1976@yahoo.com,G,5.0,5.0,4.0,3.0,
Andy,Andy1984@company.in,H,5.0,5.0,5.0,5.0,
Perry,Perry1996@gmail.com,C,3.0,3.0,3.0,,
Angus,Angus1976@yahoo.com,D,5.0,5.0,5.0,5.0,
Sheri,Sheri1978@gmail.com,B,5.0,5.0,5.0,5.0,
River,River1973@,C,4.0,3.0,5.0,5.0,
Octave,Octave1994@company.com,F,2.0,2.0,2.0,2.0,
Iza,Iza1974@yahoo.com,E,,3.0,,,
Raiden,Raiden1997@,D,5.0,5.0,5.0,5.0,
Napoleon,Napoleon1998@yahoo.com,B,3.0,4.0,4.0,4.0,
Tevin,Tevin1998@company.in,E,3.0,5.0,,5.0,
Garth,Garth1999@hotmail.com,A,4.0,3.0,4.0,5.0,
Cuba,Cuba1987@company.in,E,5.0,5.0,5.0,5.0,
Baylie,Baylie1989@company.com,H,5.0,5.0,5.0,5.0,
Tarsha,Tarsha1994@,B,4.0,4.0,4.0,4.0,
Karis,Karis1984@company.com,E,4.0,3.0,4.0,3.0,
Tab,Tab1980@company.com,C,4.0,1.0,1.0,2.0,
Hans,Hans1990@company.com,F,5.0,5.0,3.0,5.0,"Code Editor does not allow a proper full screen option. We can only use 40 % of the entire screen space, during the coding questions."
Hailey,Hailey1983@company.com,D,5.0,5.0,5.0,5.0,
Raleigh,Raleigh1973@gmail.com,A,3.0,4.0,5.0,5.0,
Hakeem,Hakeem1977@company.com,D,5.0,5.0,5.0,5.0,
Gustaf,Gustaf1988@,E,4.0,5.0,3.0,4.0,
Shanell,Shanell1987@company.com,F,5.0,3.0,5.0,4.0,
Dellar,Dellar1998@,G,5.0,5.0,5.0,5.0,
Margaretta,Margaretta1975@,A,5.0,4.0,4.0,4.0,
Christian,Christian1982@company.in,D,4.0,4.0,4.0,4.0,
Emogene,Emogene1972@gmail.com,H,5.0,5.0,5.0,5.0,
Julius,Julius1998@company.com,B,,,,4.0,
Zenas,Zenas1986@yahoo.com,F,3.0,4.0,4.0,4.0,
Alf,Alf1983@company.com,H,5.0,5.0,5.0,5.0,
Ozella,Ozella1986@yahoo.com,G,5.0,5.0,5.0,4.0,
Davie,Davie1985@,E,5.0,5.0,5.0,5.0,
Willard,Willard1991@yahoo.com,D,4.0,5.0,5.0,5.0,
Bill,Bill1989@yahoo.com,G,5.0,5.0,5.0,5.0,
Ever,Ever1983@gmail.com,H,1.0,1.0,2.0,2.0,please do clarify the constraints you are expecting it to be in the program and the debugging constraint too was very ambiguous.
Magan,Magan1994@hotmail.com,B,5.0,5.0,5.0,5.0,
Yoselin,Yoselin1979@gmail.com,F,4.0,4.0,4.0,4.0,
Carissa,Carissa1998@hotmail.com,C,4.0,4.0,4.0,4.0,
Kyree,Kyree1991@hotmail.com,E,5.0,5.0,5.0,5.0,
Latoyia,Latoyia1995@company.in,H,4.0,4.0,4.0,4.0,
Gregorio,Gregorio1972@hotmail.com,F,4.0,4.0,5.0,5.0,
Dale,Dale1983@company.in,C,5.0,5.0,5.0,5.0,
Diallo,Diallo1990@gmail.com,B,3.0,4.0,4.0,4.0,
Odessa,Odessa1988@,F,5.0,5.0,5.0,5.0,
Donny,Donny1986@hotmail.com,D,4.0,4.0,4.0,4.0,
Novella,Novella1994@hotmail.com,B,4.0,4.0,4.0,4.0,
Chana,Chana1998@company.in,F,4.0,4.0,4.0,4.0,
Lovie,Lovie1997@yahoo.com,F,2.0,3.0,4.0,4.0,
Austen,Austen1997@company.com,E,5.0,5.0,5.0,5.0,
Pauline,Pauline1977@company.in,H,5.0,5.0,5.0,5.0,
Mary,Mary1975@company.in,A,5.0,5.0,5.0,5.0,
Elvin,Elvin1977@company.com,G,4.0,4.0,4.0,4.0,
Harman,Harman1973@yahoo.com,F,1.0,,,,
Jacquelyn,Jacquelyn1986@hotmail.com,A,4.0,4.0,4.0,5.0,
Tiffanie,Tiffanie1978@hotmail.com,A,3.0,2.0,4.0,3.0,
Seneca,Seneca1977@company.com,F,5.0,4.0,3.0,4.0,
Rutherford,Rutherford1983@yahoo.com,A,5.0,,,,
Khadijah,Khadijah1982@hotmail.com,F,5.0,5.0,5.0,5.0,
Isaias,Isaias1990@gmail.com,B,4.0,4.0,4.0,4.0,
Misael,Misael1976@hotmail.com,D,4.0,,,,
Angela,Angela1999@gmail.com,D,4.0,4.0,4.0,4.0,
Izabelle,Izabelle1989@yahoo.com,G,5.0,5.0,5.0,5.0,
Johannah,Johannah1973@,C,5.0,5.0,5.0,5.0,
Jerrell,Jerrell1983@yahoo.com,F,3.0,5.0,5.0,2.0,
Juluis,Juluis1973@company.in,A,4.0,2.0,2.0,2.0,
Dedrick,Dedrick1971@company.com,B,1.0,1.0,1.0,1.0,
Daniella,Daniella1999@hotmail.com,D,5.0,5.0,4.0,3.0,
Elena,Elena1991@hotmail.com,D,3.0,5.0,5.0,3.0,
Eboni,Eboni1985@yahoo.com,A,4.0,4.0,4.0,4.0,
Launa,Launa1993@yahoo.com,F,,,,5.0,
Melodee,Melodee1989@gmail.com,G,5.0,5.0,5.0,5.0,
Leonard,Leonard1979@,B,3.0,4.0,4.0,3.0,
Colleen,Colleen1979@hotmail.com,A,4.0,4.0,4.0,4.0,
Lorri,Lorri1970@company.com,B,5.0,5.0,5.0,5.0,
Thekla,Thekla1985@gmail.com,B,5.0,5.0,5.0,5.0,
Colleen,Colleen1987@company.com,A,4.0,4.0,4.0,4.0,
Ike,Ike1976@gmail.com,C,5.0,5.0,5.0,5.0,
Alby,Alby1988@hotmail.com,E,4.0,4.0,4.0,4.0,
Joe,Joe1995@yahoo.com,B,3.0,3.0,3.0,3.0,
Grafton,Grafton1971@gmail.com,H,5.0,5.0,5.0,5.0,
Jessee,Jessee1994@yahoo.com,D,5.0,5.0,5.0,5.0,
Virgia,Virgia1997@,B,2.0,4.0,5.0,5.0,
Kimberly,Kimberly1978@yahoo.com,G,4.0,4.0,4.0,4.0,
Althea,Althea1991@company.com,D,5.0,5.0,5.0,5.0,
Jacklyn,Jacklyn1996@company.in,H,5.0,4.0,3.0,3.0,
Yajaira,Yajaira1976@gmail.com,A,5.0,5.0,5.0,5.0,
Pleas,Pleas1975@company.com,E,5.0,4.0,1.0,3.0,
Wenzel,Wenzel1980@hotmail.com,G,1.0,2.0,3.0,4.0,
Talmadge,Talmadge1993@hotmail.com,B,4.0,5.0,5.0,5.0,
Rosanna,Rosanna1971@yahoo.com,F,5.0,4.0,4.0,2.0,
Siobhan,Siobhan1978@company.in,F,5.0,5.0,5.0,5.0,
Arman,Arman1975@company.com,D,5.0,5.0,5.0,5.0,
Trisha,Trisha1985@company.in,G,5.0,5.0,5.0,5.0,
Hilmer,Hilmer1995@hotmail.com,H,5.0,5.0,5.0,5.0,
Leota,Leota1978@hotmail.com,F,5.0,2.0,2.0,5.0,
Ilona,Ilona1977@yahoo.com,G,4.0,4.0,4.0,4.0,
Monroe,Monroe1983@yahoo.com,A,1.0,2.0,1.0,1.0,
Hilliard,Hilliard1984@company.in,E,5.0,5.0,5.0,5.0,
Merlene,Merlene1995@company.in,B,5.0,5.0,5.0,5.0,
Antoinette,Antoinette1975@company.com,B,4.0,1.0,1.0,4.0,
Stoney,Stoney1992@company.in,A,2.0,3.0,2.0,4.0,
Stormy,Stormy1985@,E,4.0,4.0,4.0,4.0,
Shaina,Shaina1981@,D,4.0427807486631,4.03243243243243,4.0824175824175795,4.08695652173913,-
Easter,Easter1985@gmail.com,H,5.0,5.0,5.0,5.0,
Carson,Carson1979@yahoo.com,B,4.0,4.0,4.0,4.0,
Tessie,Tessie1980@hotmail.com,G,3.0,,,,
Stuart,Stuart1971@company.com,A,4.0,5.0,4.0,5.0,
Joyce,Joyce1997@yahoo.com,B,1.0,2.0,2.0,2.0,
Joette,Joette1986@gmail.com,C,5.0,5.0,5.0,5.0,
Aisha,Aisha1985@company.com,G,1.0,5.0,5.0,3.0,
Josef,Josef1998@company.com,G,5.0,5.0,5.0,4.0,
Giovani,Giovani1980@company.in,G,4.0,4.0,3.0,4.0,pk
Nathen,Nathen1974@company.com,G,5.0,5.0,5.0,5.0,
Luverne,Luverne1991@hotmail.com,C,,,2.0,,
Gurney,Gurney1991@company.in,F,4.0,4.0,4.0,3.0,
Mafalda,Mafalda1992@hotmail.com,A,1.0,2.0,2.0,2.0,
Zina,Zina1987@company.com,B,5.0,5.0,5.0,5.0,
Lugenia,Lugenia1993@company.com,G,5.0,5.0,5.0,5.0,
Tremaine,Tremaine1980@yahoo.com,H,5.0,5.0,1.0,5.0,
Davion,Davion1977@gmail.com,B,3.0,5.0,5.0,5.0,
Roel,Roel1981@hotmail.com,F,3.0,5.0,5.0,5.0,
Audriana,Audriana1974@company.com,E,3.0,3.0,3.0,4.0,
Carina,Carina1974@,D,3.0,2.0,5.0,2.0,
Devante,Devante1981@yahoo.com,F,4.0,4.0,4.0,4.0,
Jaheim,Jaheim1983@yahoo.com,C,4.0,3.0,3.0,4.0,
Renea,Renea1983@gmail.com,F,5.0,5.0,5.0,2.0,
Frances,Frances1978@company.com,E,1.0,4.0,4.0,1.0,
Stephaine,Stephaine1979@yahoo.com,B,4.0,4.0,4.0,4.0,
Caiden,Caiden1975@hotmail.com,A,3.0,5.0,4.0,2.0,
Adamaris,Adamaris1988@hotmail.com,E,3.0,3.0,3.0,3.0,"Please consider further review of the problem statements before the contest. The problem statements in the contest were clear enough. However, in the ""A quadratic equation"" problem, the problem statement was missing the requirement that the parameter B is integer. In the ""Right-angled triangle"" problem, the problem statement was missing the requirement that the other two sides of the triangle other than  X are integers. Finally, please consider upgrading the hardware infrastructure of the automatic judge system. I ran my solution for ""Right-angles triangles"" problem after the contest against the two test cases that the code did not pass the 2.5 second time-limit on another machine. The run time for my solution on the other machine was 1.8 sec and 2.1 sec."
Melville,Melville1991@yahoo.com,B,2.0,2.0,4.0,4.0,
Xzavier,Xzavier1988@gmail.com,G,5.0,5.0,5.0,5.0,
Codie,Codie1971@gmail.com,F,4.0,,,,
Jamison,Jamison1988@hotmail.com,G,3.0,3.0,4.0,3.0,
Dirk,Dirk1977@yahoo.com,B,5.0,5.0,5.0,5.0,
Kortney,Kortney1978@company.in,H,4.0,4.0,4.0,3.0,
Ricky,Ricky1974@,F,5.0,5.0,5.0,4.0,
Jolene,Jolene1977@yahoo.com,C,1.0,1.0,1.0,,
Zaria,Zaria1977@hotmail.com,A,1.0,5.0,5.0,5.0,
Mae,Mae1983@hotmail.com,A,3.0,4.0,2.0,1.0,
Korey,Korey1990@,D,5.0,4.0,4.0,5.0,
Raiden,Raiden1975@company.com,G,4.0,4.0,4.0,5.0,
Leamon,Leamon1986@gmail.com,G,5.0,5.0,5.0,5.0,
Donell,Donell1977@gmail.com,E,4.0,2.0,2.0,5.0,
Carina,Carina1986@yahoo.com,D,4.0,4.0,4.0,4.0,
Chaya,Chaya1994@,B,2.0,1.0,5.0,3.0,
Deloris,Deloris1982@hotmail.com,F,3.0,4.0,4.0,3.0,
Shantel,Shantel1976@yahoo.com,D,4.0,5.0,5.0,5.0,
Carolyne,Carolyne1988@yahoo.com,B,5.0,,,,
Sena,Sena1999@gmail.com,G,2.0,2.0,3.0,4.0,
Dolph,Dolph1970@company.com,A,4.0,5.0,4.0,5.0,
Jaylin,Jaylin1976@gmail.com,E,3.0,4.0,5.0,5.0,
Joi,Joi1984@hotmail.com,A,3.0,3.0,2.0,3.0,
Adelbert,Adelbert1986@gmail.com,H,5.0,5.0,5.0,5.0,
Lavada,Lavada1971@,A,4.0,4.0,4.0,4.0,
Dustin,Dustin1991@gmail.com,B,2.0,4.0,4.0,3.0,
Carla,Carla1996@company.in,D,5.0,3.0,5.0,4.0,
Nana,Nana1974@hotmail.com,D,3.0,4.0,4.0,,
Laurence,Laurence1997@hotmail.com,A,3.0,4.0,2.0,5.0,
Johnny,Johnny1980@hotmail.com,E,4.0,3.0,3.0,3.0,
Jase,Jase1999@hotmail.com,C,5.0,5.0,5.0,5.0,
Alphonse,Alphonse1994@gmail.com,F,5.0,5.0,5.0,5.0,
Leesa,Leesa1971@company.in,D,3.0,5.0,5.0,4.0,
Annemarie,Annemarie1972@company.com,H,2.0,5.0,5.0,5.0,
Joe,Joe1999@yahoo.com,F,4.0,4.0,5.0,4.0,
Carlisle,Carlisle1976@gmail.com,B,5.0,5.0,5.0,4.0,
Zeke,Zeke1977@company.in,G,4.0,5.0,3.0,4.0,
Matthew,Matthew1970@hotmail.com,B,5.0,4.0,4.0,4.0,
Jalynn,Jalynn1988@,H,4.0,5.0,5.0,5.0,
Beverlee,Beverlee1982@company.com,A,5.0,5.0,5.0,5.0,You Provide the best platform for competitive programming..
Julious,Julious1980@hotmail.com,A,5.0,5.0,5.0,5.0,Questions were not interesting!!
Carson,Carson1970@gmail.com,E,5.0,5.0,5.0,5.0,
Alyson,Alyson1972@company.com,F,1.0,1.0,1.0,1.0,
Charline,Charline1991@gmail.com,D,3.0,5.0,5.0,4.0,
Odette,Odette1996@gmail.com,F,4.0,5.0,5.0,3.0,
Lady,Lady1973@yahoo.com,D,4.0,2.0,4.0,4.0,
Laurie,Laurie1973@hotmail.com,D,4.0,3.0,4.0,3.0,
Alvia,Alvia1985@company.in,F,5.0,5.0,4.0,5.0,
Candida,Candida1997@yahoo.com,B,4.0,4.0,4.0,4.0,
Ridge,Ridge1993@hotmail.com,E,4.0,4.0,4.0,4.0,
Cain,Cain1990@hotmail.com,B,3.0,3.0,3.0,3.0,
Magdalena,Magdalena1993@hotmail.com,A,2.0,2.0,2.0,3.0,
Dakota,Dakota1993@hotmail.com,H,2.0,2.0,4.0,5.0,
Dwan,Dwan1985@gmail.com,H,5.0,5.0,5.0,5.0,
Gaylon,Gaylon1976@company.in,C,3.0,1.0,2.0,2.0,
Henretta,Henretta1986@hotmail.com,D,5.0,5.0,5.0,5.0,
Gianni,Gianni1973@,A,2.0,4.0,4.0,3.0,
Janie,Janie1978@gmail.com,D,4.0,4.0,5.0,5.0,
Hulda,Hulda1981@,E,4.0,5.0,5.0,4.0,
Kurt,Kurt1992@company.com,D,2.0,4.0,4.0,5.0,
Audrianna,Audrianna1990@gmail.com,E,3.0,3.0,3.0,3.0,
Estell,Estell1982@company.com,A,3.0,3.0,5.0,5.0,logs from submitting were not displayed properly even after clicking on the link
Joline,Joline1998@,C,5.0,5.0,5.0,5.0,
Iva,Iva1983@company.in,F,5.0,5.0,5.0,5.0,
Lizeth,Lizeth1980@hotmail.com,H,5.0,5.0,5.0,5.0,
Zollie,Zollie1992@company.com,D,4.0,4.0,,,
Justine,Justine1986@hotmail.com,G,2.0,4.0,4.0,4.0,In some problems some details were not stated too clearly ...
Berta,Berta1979@gmail.com,H,5.0,5.0,5.0,5.0,
Lillie,Lillie1976@company.com,B,5.0,4.0,4.0,4.0,
Addie,Addie1972@gmail.com,B,3.0,3.0,3.0,5.0,
Donte,Donte1998@company.in,E,5.0,5.0,5.0,5.0,
Heyward,Heyward1978@,A,4.0,3.0,3.0,4.0,
Savion,Savion1995@hotmail.com,G,4.0,4.0,5.0,4.0,"please tell the exact reason of error (for example run time error is not understandable)._x005F_x000D_
"
Lucretia,Lucretia1992@,G,4.0,4.0,4.0,4.0,
Rhea,Rhea1982@hotmail.com,H,3.0,5.0,5.0,5.0,
Hayes,Hayes1974@yahoo.com,D,4.0,3.0,1.0,5.0,"The code editor is quite unusable, when I scroll out of it, it starts scrolling, too. And the explanations for the problems could have been slightly clearer, in terms of explaining inversions and XORs, but it was pretty good apart from that."
Brandi,Brandi1977@company.com,G,3.0,3.0,4.0,4.0,
Francine,Francine1975@yahoo.com,G,3.0,3.0,5.0,4.0,
Levy,Levy1970@company.com,D,1.0,5.0,5.0,2.0,Question must be clear to the point.
Madelene,Madelene1993@company.com,E,2.0,3.0,2.0,3.0,
Dudley,Dudley1984@yahoo.com,B,3.0,5.0,5.0,5.0,
Samie,Samie1982@gmail.com,A,3.0,5.0,5.0,,
Arlington,Arlington1996@hotmail.com,B,5.0,5.0,5.0,5.0,
Zander,Zander1993@gmail.com,A,5.0,5.0,5.0,5.0,
Citlalli,Citlalli1986@hotmail.com,F,1.0,5.0,5.0,2.0,
General,General1988@yahoo.com,A,5.0,5.0,5.0,5.0,
Kacie,Kacie1990@company.com,A,4.0,4.0,,4.0,
Iridian,Iridian1985@hotmail.com,A,1.0,1.0,1.0,1.0,"poorly formed questions, incomplete information"
Savana,Savana1987@,B,5.0,5.0,5.0,5.0,
Orin,Orin1999@,D,4.0,4.0,3.0,4.0,"If two problems are related, we should be able to copy code from Problem 1's editor to Problem 2's Editor. Thank You."
Gerard,Gerard1971@gmail.com,G,1.0,1.0,1.0,1.0,
Harding,Harding1980@,E,5.0,3.0,2.0,3.0,
Griffith,Griffith1994@yahoo.com,A,1.0,4.0,3.0,,
Emit,Emit1998@company.com,C,5.0,5.0,5.0,5.0,
Adan,Adan1980@company.com,G,1.0,5.0,,3.0,
Glendon,Glendon1980@,G,5.0,2.0,3.0,4.0,
German,German1979@,F,5.0,5.0,5.0,5.0,
Dariana,Dariana1971@company.com,F,3.0,3.0,4.0,3.0,
Konner,Konner1992@hotmail.com,F,5.0,5.0,5.0,5.0,
Lulah,Lulah1986@company.in,B,3.0,2.0,1.0,1.0,"The Q3 was not mentioned with the order in which i must print the Set that was required in the output. _x005F_x000D_
When i was printing them in different they were being accepted and some of they were not. _x005F_x000D_
For that to check answer it must be like either you print any combination or you must spacify whether in what order you want to print us. _x005F_x000D_
_x005F_x000D_
_x005F_x000D_
Moreover when i chnaged the language my whole code got dissapeared which is worst thing in code editor._x005F_x000D_
"
Zula,Zula1993@company.com,H,5.0,5.0,5.0,5.0,
Athena,Athena1984@hotmail.com,D,5.0,5.0,5.0,5.0,
Mallorie,Mallorie1980@hotmail.com,B,5.0,3.0,1.0,5.0,
Berniece,Berniece1974@company.com,F,4.0,4.0,4.0,5.0,
Lawerence,Lawerence1991@gmail.com,B,3.0,3.0,2.0,1.0,
Theodora,Theodora1999@,F,4.0,5.0,5.0,5.0,
Barbie,Barbie1996@yahoo.com,C,2.0,4.0,4.0,3.0,"Constraint were missing in the questions , which should be added for better understanding about time complexity that we can use."
Tuan,Tuan1995@yahoo.com,F,1.0,3.0,3.0,3.0,
Liliana,Liliana1990@,E,5.0,5.0,5.0,5.0,
Janis,Janis1974@,A,3.0,3.0,4.0,4.0,
Lorena,Lorena1991@,H,2.0,5.0,5.0,3.0,
Morris,Morris1979@company.com,C,5.0,5.0,5.0,5.0,
Anne,Anne1994@hotmail.com,C,4.0,4.0,3.0,4.0,
Tiffany,Tiffany1985@yahoo.com,G,1.0,2.0,2.0,1.0,
Tresa,Tresa1983@yahoo.com,C,1.0,1.0,4.0,1.0,no explanation of the problem input processing etc. worst challenge ever
Marolyn,Marolyn1986@company.in,D,3.0,2.0,4.0,3.0,
Millie,Millie1983@company.com,C,3.0,5.0,3.0,4.0,
Jayvion,Jayvion1982@gmail.com,D,4.0,4.0,4.0,4.0,
Marnita,Marnita1970@,E,5.0,5.0,5.0,5.0,
Jesenia,Jesenia1981@yahoo.com,A,3.0,4.0,4.0,4.0,
Sophronia,Sophronia1996@hotmail.com,B,5.0,5.0,5.0,5.0,
Bria,Bria1997@,E,2.0,3.0,4.0,3.0,
Tabitha,Tabitha1994@yahoo.com,B,4.0,3.0,3.0,5.0,
Marland,Marland1973@hotmail.com,C,5.0,5.0,5.0,5.0,
Lawyer,Lawyer1971@gmail.com,F,4.0,4.0,4.0,4.0,
Rolanda,Rolanda1978@,D,5.0,5.0,5.0,5.0,
Henri,Henri1990@,A,4.0,4.0,4.0,4.0,
Dahlia,Dahlia1996@hotmail.com,A,5.0,5.0,5.0,5.0,
Jakobe,Jakobe1984@company.in,G,3.0,3.0,3.0,2.0,
Tarah,Tarah1987@yahoo.com,E,5.0,1.0,1.0,1.0,
Larue,Larue1990@hotmail.com,F,3.0,3.0,3.0,3.0,
Earl,Earl1991@company.in,F,5.0,5.0,5.0,5.0,
Tremaine,Tremaine1970@hotmail.com,C,2.0,3.0,3.0,3.0,
Nobie,Nobie1999@gmail.com,E,1.0,4.0,4.0,1.0,
Johnie,Johnie1970@hotmail.com,H,3.0,4.0,3.0,5.0,
Lindsay,Lindsay1982@company.in,E,4.0,4.0,4.0,4.0,
Zaniyah,Zaniyah1996@company.com,D,3.0,3.0,4.0,4.0,
Tamya,Tamya1970@company.in,E,5.0,5.0,5.0,,awesome
Kylee,Kylee1981@hotmail.com,B,5.0,4.0,2.0,4.0,
Cherie,Cherie1989@company.com,F,4.0,4.0,4.0,4.0,
Jacquelin,Jacquelin1971@company.com,D,4.0,4.0,4.0,4.0,
Lesa,Lesa1991@company.com,G,5.0,5.0,5.0,5.0,
Darci,Darci1972@yahoo.com,A,4.0,4.0,4.0,4.0,
Josiah,Josiah1978@company.com,C,4.0,4.0,4.0,4.0,
Icie,Icie1992@yahoo.com,C,2.0,4.0,4.0,4.0,No constraints were provided
Reginal,Reginal1975@,G,1.0,2.0,1.0,1.0,
Ione,Ione1988@gmail.com,D,5.0,5.0,5.0,5.0,
Davie,Davie1994@gmail.com,G,1.0,1.0,1.0,1.0,
Noah,Noah1977@company.in,A,4.0,4.0,4.0,4.0,
Hardy,Hardy1978@yahoo.com,C,5.0,5.0,5.0,,
Taft,Taft1992@gmail.com,H,3.0,5.0,5.0,4.0,
Moody,Moody1999@gmail.com,E,5.0,5.0,5.0,5.0,
Duwayne,Duwayne1980@yahoo.com,B,1.0,1.0,1.0,1.0,As there was no custom input testing.. wasted time in first problem itself
Colon,Colon1988@company.com,G,4.0,4.0,4.0,4.0,
Maryam,Maryam1981@gmail.com,G,3.0,3.0,3.0,3.0,
Joselyn,Joselyn1985@hotmail.com,D,4.0,4.0,4.0,4.0,
Neva,Neva1987@,B,4.0,1.0,1.0,1.0,u can reuse code. please auto-fill the code for input values
Araceli,Araceli1980@yahoo.com,A,1.0,1.0,1.0,1.0,
Heriberto,Heriberto1997@company.com,E,5.0,5.0,5.0,5.0,
Madelynn,Madelynn1990@company.com,B,5.0,5.0,5.0,5.0,
Loretto,Loretto1997@hotmail.com,B,4.0,4.0,4.0,4.0,
Eleonora,Eleonora1991@company.com,F,5.0,5.0,5.0,5.0,
Cosmo,Cosmo1979@yahoo.com,B,,,,5.0,
Kymani,Kymani1989@gmail.com,G,3.0,4.0,3.0,4.0,
Senora,Senora1984@company.com,C,5.0,5.0,5.0,5.0,
Wade,Wade1992@gmail.com,A,5.0,3.0,3.0,5.0,
Christopher,Christopher1979@hotmail.com,H,3.0,4.0,4.0,4.0,
Margarite,Margarite1972@hotmail.com,D,1.0,1.0,1.0,1.0,"Very poor problem statements, Constraints very not given for the input. _x005F_x000D_
Output format was not clearly described._x005F_x000D_
Even custom test were not available, there was no way to debug the code."
Aiden,Aiden1980@hotmail.com,A,4.0,4.0,5.0,5.0,
Seamus,Seamus1991@company.com,C,5.0,5.0,5.0,5.0,
Stanislaus,Stanislaus1980@hotmail.com,E,3.0,3.0,3.0,3.0,ok
Patrick,Patrick1994@gmail.com,G,2.0,3.0,2.0,1.0,
Carol,Carol1998@hotmail.com,E,2.0,4.0,5.0,4.0,
Johny,Johny1988@company.com,B,5.0,5.0,5.0,5.0,
Asia,Asia1978@,H,1.0,5.0,5.0,4.0,
Delilah,Delilah1995@hotmail.com,E,2.0,5.0,5.0,4.0,There should be constraints and also it's not mentioned what should be returned if specific criteria doesn't met.
Gilda,Gilda1981@,H,4.0,4.0,4.0,4.0,
Venice,Venice1994@,G,1.0,3.0,4.0,4.0,
Glen,Glen1976@company.com,F,2.0,4.0,4.0,3.0,
William,William1984@company.com,A,1.0,5.0,5.0,1.0,
Lesia,Lesia1985@yahoo.com,G,4.0,5.0,4.0,4.0,
Marti,Marti1971@yahoo.com,H,3.0,3.0,3.0,3.0,
Marybelle,Marybelle1986@hotmail.com,E,3.0,5.0,5.0,4.0,
Kimberley,Kimberley1986@gmail.com,C,3.0,1.0,1.0,3.0,
Arizona,Arizona1978@gmail.com,E,1.0,5.0,4.0,4.0,
Herlinda,Herlinda1993@hotmail.com,B,4.0,4.0,4.0,4.0,
Asha,Asha1978@hotmail.com,F,5.0,5.0,5.0,5.0,
Tilman,Tilman1996@yahoo.com,B,4.0,4.0,4.0,3.0,https://raviresume.herokuapp.com/   my portfolio website
Harrell,Harrell1972@yahoo.com,C,4.0,4.0,4.0,4.0,
Cordero,Cordero1997@company.in,B,3.0,2.0,4.0,4.0,
Precious,Precious1972@yahoo.com,D,5.0,5.0,5.0,5.0,
Michelle,Michelle1993@,B,5.0,,3.0,,
Aliana,Aliana1990@yahoo.com,A,3.0,,,,
Jeb,Jeb1990@,E,1.0,,,,
Wirt,Wirt1973@company.in,G,5.0,3.0,3.0,5.0,
Dejah,Dejah1980@company.com,C,5.0,5.0,5.0,5.0,
Cindy,Cindy1993@,C,3.0,4.0,3.0,4.0,
Keith,Keith1997@yahoo.com,C,4.0,4.0,4.0,4.0,
Abel,Abel1982@company.com,D,3.0,2.0,3.0,3.0,
Perry,Perry1978@,E,2.0,4.0,4.0,5.0,
Emmer,Emmer1997@hotmail.com,D,4.0,4.0,5.0,3.0,
Jaylynn,Jaylynn1988@yahoo.com,H,4.0,4.0,4.0,4.0,
Lacie,Lacie1989@hotmail.com,F,5.0,5.0,5.0,5.0,
Tishie,Tishie1993@company.com,E,4.0,4.0,4.0,4.0,
Carsen,Carsen1977@,C,3.0,3.0,3.0,3.0,
Lady,Lady1983@company.in,E,5.0,5.0,5.0,5.0,
Mariyah,Mariyah1976@hotmail.com,B,3.0,3.0,3.0,4.0,
Edith,Edith1974@company.in,H,1.0,4.0,4.0,2.0,
Serena,Serena1987@gmail.com,H,2.0,5.0,4.0,4.0,
Marchello,Marchello1975@company.com,E,4.0,5.0,5.0,5.0,
Carley,Carley1976@company.com,A,3.0,3.0,4.0,5.0,
Moshe,Moshe1994@gmail.com,D,2.0,4.0,4.0,4.0,
Nereida,Nereida1995@yahoo.com,G,4.0,3.0,3.0,2.0,
Diallo,Diallo1986@company.com,G,5.0,3.0,2.0,5.0,"I have a suggestion to give._x005F_x000D_
The code editor is not user-friendly, that's why tried to write code in my personal editor but this interface doesn't allow copying code from personal editor.. it should be allowed and you can do analysis if the code is copied for online sources._x005F_x000D_
for those who copy code from the internet will obviously have to face next round and they will get out of the competition in that round"
Braydon,Braydon1987@hotmail.com,D,5.0,5.0,5.0,5.0,
Addisyn,Addisyn1974@yahoo.com,A,4.0,4.0,4.0,4.0,
Makaila,Makaila1982@,C,4.0,5.0,5.0,5.0,
Leonard,Leonard1985@company.com,C,5.0,5.0,2.0,4.0,
Cathie,Cathie1998@yahoo.com,B,2.0,1.0,3.0,4.0,
Emilia,Emilia1984@,G,5.0,1.0,1.0,1.0,the copy paste inside the editor was disabled due the code was too slow. the copy paste between different languages should be allowed.
Schley,Schley1992@company.in,E,5.0,5.0,5.0,5.0,
Lulah,Lulah1986@gmail.com,H,3.0,5.0,2.0,3.0,"Good questions._x005F_x000D_
All constraints were not provided in 2nd question._x005F_x000D_
custom input option was disabled."
Cressie,Cressie1976@company.in,F,1.0,1.0,1.0,1.0,
Brandyn,Brandyn1975@,C,3.0,3.0,3.0,3.0,
Killian,Killian1975@hotmail.com,G,1.0,4.0,4.0,4.0,
Rigoberto,Rigoberto1970@company.com,E,5.0,5.0,5.0,5.0,
Hellen,Hellen1984@gmail.com,F,1.0,5.0,5.0,5.0,
Sofia,Sofia1993@hotmail.com,E,2.0,5.0,5.0,4.0,"The output requirement was not cleared in the questions._x005F_x000D_
In the third question, the number of test cases passed kept changing when I just change the format of the output._x005F_x000D_
_x005F_x000D_
Please look into the issue._x005F_x000D_
Thank you"
Leitha,Leitha1978@hotmail.com,C,3.0,3.0,3.0,5.0,
Carl,Carl1978@gmail.com,C,4.0,4.0,4.0,2.0,
Sky,Sky1986@company.com,G,4.0,5.0,4.0,5.0,
Ardelle,Ardelle1997@hotmail.com,B,3.0,3.0,3.0,3.0,
Jayne,Jayne1977@hotmail.com,F,1.0,4.0,4.0,3.0,
Maya,Maya1982@company.com,E,4.0,4.0,4.0,5.0,
Citlali,Citlali1981@company.in,B,5.0,5.0,5.0,5.0,
Spenser,Spenser1991@hotmail.com,H,3.0,3.0,3.0,3.0,
Shade,Shade1994@yahoo.com,G,5.0,5.0,5.0,5.0,
Chaka,Chaka1974@,A,5.0,5.0,5.0,5.0,
Kegan,Kegan1986@hotmail.com,F,5.0,5.0,4.0,5.0,
Rhona,Rhona1977@company.in,G,4.0,5.0,5.0,5.0,
Hakim,Hakim1999@yahoo.com,H,4.0,4.0,4.0,4.0,
Hiram,Hiram1985@company.in,F,5.0,5.0,5.0,5.0,
Tamya,Tamya1972@company.in,H,5.0,2.0,2.0,4.0,need to improve editor
Drury,Drury1980@company.com,H,1.0,1.0,1.0,3.0,
Latonya,Latonya1988@company.com,C,1.0,5.0,5.0,3.0,
Gaylon,Gaylon1985@hotmail.com,G,3.0,5.0,5.0,5.0,
Estie,Estie1983@company.in,C,2.0,2.0,1.0,1.0,
Sedrick,Sedrick1987@company.in,C,4.0,,,,
Celie,Celie1983@company.com,E,5.0,5.0,5.0,5.0,
Jaida,Jaida1987@yahoo.com,G,3.0,3.0,4.0,3.0,
Esker,Esker1991@yahoo.com,C,1.0,5.0,4.0,5.0,
Hildegarde,Hildegarde1977@company.com,D,5.0,4.0,4.0,4.0,
Elroy,Elroy1979@company.com,A,4.0,4.0,4.0,4.0,
Karel,Karel1982@gmail.com,E,3.0,4.0,3.0,3.0,
Wende,Wende1994@company.com,G,1.0,2.0,2.0,2.0,Just the one sample case doesn't help and the code should be explained a little bit more. Here we are expected to understand the question from the input pattern and sample input rather than the question. So that takes up a lot of time
Tea,Tea1999@yahoo.com,G,1.0,1.0,2.0,4.0,clarity of problem statement is bad
Arkie,Arkie1981@gmail.com,C,4.0,4.0,4.0,4.0,
Landyn,Landyn1970@company.com,G,1.0,1.0,1.0,1.0,
Miesha,Miesha1988@company.com,D,5.0,5.0,5.0,5.0,
Jamarion,Jamarion1972@gmail.com,E,1.0,1.0,1.0,1.0,
Jaylin,Jaylin1972@company.in,D,3.0,4.0,4.0,5.0,
Sam,Sam1990@hotmail.com,B,4.0,4.0,5.0,5.0,
Halley,Halley1997@company.in,A,2.0,4.0,5.0,5.0,
Odis,Odis1991@company.com,B,2.0,3.0,3.0,4.0,
Alcee,Alcee1993@,F,3.0,,2.0,3.0,no comments
Budd,Budd1977@company.com,A,4.0,3.0,4.0,5.0,
Lynda,Lynda1999@,H,1.0,1.0,1.0,1.0,
Jermaine,Jermaine1973@,G,3.0,4.0,5.0,4.0,
Lily,Lily1998@yahoo.com,B,5.0,5.0,5.0,5.0,"Nice interface, happy to participate."
Amey,Amey1998@hotmail.com,F,3.0,4.0,4.0,4.0,
Tai,Tai1977@gmail.com,G,5.0,4.0,4.0,4.0,
Alexandr,Alexandr1979@hotmail.com,F,5.0,5.0,5.0,5.0,
Trace,Trace1976@company.com,H,5.0,5.0,5.0,5.0,Awesome experience .
Felton,Felton1991@yahoo.com,B,1.0,1.0,1.0,,
Gregory,Gregory1989@yahoo.com,B,4.0,1.0,1.0,4.0,
Louella,Louella1991@gmail.com,F,2.0,4.0,3.0,3.0,
Jakob,Jakob1985@hotmail.com,D,5.0,5.0,5.0,5.0,
Arnulfo,Arnulfo1975@company.com,B,3.0,5.0,5.0,4.0,
Kyla,Kyla1996@,H,,,5.0,5.0,
Sherrill,Sherrill1993@gmail.com,C,1.0,2.0,2.0,1.0,
Carlos,Carlos1976@hotmail.com,B,1.0,1.0,1.0,1.0,
Terrill,Terrill1978@gmail.com,G,2.0,5.0,5.0,3.0,
Adrien,Adrien1982@yahoo.com,B,3.0,5.0,5.0,4.0,
Mustafa,Mustafa1973@gmail.com,A,,,,,Thank you for inform you
Tanner,Tanner1985@hotmail.com,D,1.0,1.0,1.0,1.0,
Ester,Ester1987@yahoo.com,B,5.0,5.0,5.0,,
Pollie,Pollie1993@,H,2.0,5.0,5.0,4.0,
Gillie,Gillie1978@company.in,B,5.0,5.0,5.0,4.0,
Verlie,Verlie1987@gmail.com,F,3.0,3.0,2.0,3.0,
Nelson,Nelson1988@yahoo.com,D,5.0,5.0,2.0,1.0,
Augustina,Augustina1972@gmail.com,F,3.0,3.0,4.0,3.0,
Selina,Selina1990@yahoo.com,F,5.0,5.0,4.0,5.0,
Colvin,Colvin1998@company.com,E,5.0,5.0,5.0,5.0,
Olena,Olena1982@company.com,A,1.0,3.0,5.0,2.0,
Dena,Dena1985@yahoo.com,E,1.0,1.0,1.0,,
Elby,Elby1974@hotmail.com,H,5.0,5.0,5.0,5.0,
June,June1982@company.com,C,4.0,,,,
Chadwick,Chadwick1981@,C,3.0,4.0,4.0,5.0,
Butler,Butler1973@,A,4.0,4.0,4.0,,
Khadijah,Khadijah1988@company.in,C,5.0,5.0,4.0,5.0,
Amalie,Amalie1975@hotmail.com,H,5.0,5.0,5.0,5.0,
Merlene,Merlene1991@company.in,B,4.0,4.0,4.0,1.0,
Brianna,Brianna1993@company.com,H,,,,,"In the last question ""A"" and ""B"" were mentioned in opposite roles .. as compared to the input syntax given"
Vanessa,Vanessa1995@gmail.com,C,2.0,1.0,1.0,2.0,
Erick,Erick1981@gmail.com,A,5.0,5.0,5.0,,
Mylee,Mylee1988@yahoo.com,D,5.0,5.0,5.0,5.0,
Anderson,Anderson1973@,B,2.0,5.0,5.0,3.0,
Stuart,Stuart1992@hotmail.com,G,5.0,5.0,5.0,5.0,
Harriett,Harriett1996@gmail.com,H,1.0,1.0,1.0,1.0,
Jayvon,Jayvon1988@gmail.com,B,3.0,2.0,1.0,3.0,
Dylon,Dylon1984@,G,5.0,5.0,5.0,5.0,
Faustino,Faustino1975@hotmail.com,G,4.0,5.0,5.0,5.0,
Jeanmarie,Jeanmarie1990@company.com,F,4.0,4.0,4.0,4.0,
Danyel,Danyel1996@company.in,H,5.0,5.0,5.0,5.0,
Caroline,Caroline1999@,G,1.0,2.0,3.0,1.0,
Clementine,Clementine1994@company.com,A,5.0,3.0,3.0,3.0,
Dedra,Dedra1972@hotmail.com,F,3.0,3.0,3.0,3.0,
Ancil,Ancil1983@company.com,G,1.0,1.0,3.0,3.0,Need to clarify qstns properly and give 2 or 3 sample IO beach.
Early,Early1982@yahoo.com,G,2.0,4.0,4.0,4.0,questions should be more clear
Rashaan,Rashaan1970@,A,3.0,3.0,3.0,3.0,
Lakisha,Lakisha1996@company.com,H,4.0,4.0,4.0,4.0,
Colton,Colton1974@gmail.com,F,4.0,4.0,4.0,4.0,
Amira,Amira1974@hotmail.com,D,4.0,4.0,5.0,4.0,
Ambrose,Ambrose1978@gmail.com,G,1.0,5.0,5.0,3.0,
Vernita,Vernita1980@company.in,D,1.0,1.0,1.0,1.0,
Lavinia,Lavinia1970@gmail.com,F,3.0,4.0,4.0,4.0,
Payton,Payton1995@gmail.com,H,5.0,5.0,5.0,5.0,
Everet,Everet1974@company.in,D,5.0,3.0,3.0,5.0,
Dawson,Dawson1986@,A,2.0,5.0,5.0,1.0,
Noma,Noma1973@company.com,F,1.0,4.0,4.0,3.0,
Colleen,Colleen1981@yahoo.com,G,3.0,3.0,2.0,3.0,"Questions were clear, but test cases were not clear, you wouldn't be able to predict edge cases in some question. It should give proper range of input so that we could have clarity of the range of values to be used."
Orrin,Orrin1992@gmail.com,A,5.0,5.0,5.0,5.0,
Kenley,Kenley1999@gmail.com,B,5.0,5.0,5.0,5.0,
Lenon,Lenon1991@company.com,A,5.0,5.0,5.0,5.0,
Hobert,Hobert1972@,A,5.0,2.0,4.0,4.0,"Copy should be allowed within the test from one question to another as the inputs were same, and taking input from console involves a lot of coding in few languages."
Marlene,Marlene1974@hotmail.com,C,5.0,4.0,3.0,5.0,copying from the editor of one question to another should be allowed
Mareli,Mareli1970@yahoo.com,C,4.0,5.0,5.0,4.0,"the compiler should allow copy-paste within different question, lot of rewriting"
Nick,Nick1987@company.in,F,4.0,4.0,3.0,3.0,no comments
Caprice,Caprice1990@hotmail.com,G,2.0,3.0,3.0,5.0,
Ezra,Ezra1983@yahoo.com,C,4.0,3.0,3.0,2.0,
Cleve,Cleve1998@company.com,C,1.0,1.0,1.0,4.0,poorly written test cases and worst test interface.
Landan,Landan1987@hotmail.com,A,4.0,4.0,4.0,4.0,
Kami,Kami1972@gmail.com,E,1.0,1.0,5.0,3.0,"For similar question ,editor should copy code from previous question as boiler plate code. As copy paste was not allowed, i wrote same code to take input and process it 3 times. it was frustrating._x005F_x000D_
Last question was not clear at all."
Nery,Nery1983@company.com,C,2.0,1.0,5.0,4.0,"In Third question of the contest, it is not specified in which order numbers should appear in the result and also if not specified then any sequence should be acceptable as long as it contains same numbers as the expected result. Great questions but not clarified."
Gretta,Gretta1971@gmail.com,F,5.0,5.0,5.0,5.0,
Scotty,Scotty1973@hotmail.com,G,2.0,4.0,4.0,4.0,
Tre,Tre1971@yahoo.com,F,5.0,4.0,5.0,5.0,
Mikaila,Mikaila1990@,B,1.0,1.0,1.0,1.0,
Berry,Berry1971@company.com,E,2.0,3.0,3.0,5.0,
Emmie,Emmie1995@company.com,A,5.0,2.0,2.0,4.0,
Rosella,Rosella1977@gmail.com,H,5.0,3.0,3.0,5.0,
Yessenia,Yessenia1986@hotmail.com,D,4.0,4.0,4.0,4.0,
Elie,Elie1981@gmail.com,A,4.0,5.0,5.0,5.0,
Ouida,Ouida1983@company.com,F,5.0,5.0,5.0,5.0,
Lakendra,Lakendra1984@hotmail.com,G,5.0,1.0,1.0,,
Barnie,Barnie1989@company.com,A,3.0,3.0,3.0,3.0,
Kanye,Kanye1988@,F,4.0,3.0,3.0,4.0,
Arland,Arland1983@yahoo.com,B,1.0,1.0,1.0,1.0,kk
Everette,Everette1983@company.in,A,5.0,5.0,5.0,5.0,
Sara,Sara1974@hotmail.com,G,3.0,1.0,1.0,1.0,
Jayne,Jayne1976@yahoo.com,F,4.0,4.0,4.0,4.0,
Edmund,Edmund1992@yahoo.com,E,5.0,5.0,5.0,5.0,
Tayshaun,Tayshaun1995@company.com,H,,,3.0,,
Zavier,Zavier1970@company.com,H,5.0,5.0,4.0,4.0,
Aniya,Aniya1975@hotmail.com,H,5.0,5.0,5.0,5.0,
Gary,Gary1970@gmail.com,D,5.0,5.0,5.0,5.0,
Omarion,Omarion1991@company.in,A,3.0,5.0,5.0,3.0,
Magan,Magan1982@,B,4.0,3.0,5.0,5.0,Good
Orlin,Orlin1998@company.in,C,5.0,5.0,5.0,5.0,
Burnice,Burnice1991@gmail.com,A,1.0,4.0,4.0,2.0,
Robyn,Robyn1971@,F,3.0,4.0,3.0,4.0,
Sherrie,Sherrie1991@,F,5.0,5.0,5.0,5.0,
Marquis,Marquis1979@company.com,B,1.0,1.0,1.0,1.0,"If the explanation of the question would be better, it is better for us to solve questions_x005F_x000D_
"
Genie,Genie1989@hotmail.com,C,4.0,4.0,4.0,4.0,
Chase,Chase1996@,A,2.0,2.0,4.0,3.0,
Dax,Dax1981@yahoo.com,G,1.0,1.0,1.0,1.0,
Sim,Sim1983@company.in,E,3.0,3.0,3.0,3.0,
Ole,Ole1988@gmail.com,E,5.0,5.0,5.0,5.0,
Daniella,Daniella1971@gmail.com,G,4.0,4.0,4.0,4.0,
Keshaun,Keshaun1982@company.com,F,5.0,5.0,5.0,5.0,
Venie,Venie1986@,E,4.0,4.0,4.0,4.0,
Ilah,Ilah1973@yahoo.com,B,3.0,4.0,3.0,4.0,
Chaz,Chaz1977@yahoo.com,E,3.0,2.0,4.0,4.0,
Aracely,Aracely1984@hotmail.com,D,5.0,5.0,5.0,5.0,Good experience
Gabrielle,Gabrielle1972@company.in,A,5.0,5.0,5.0,5.0,
Henery,Henery1996@hotmail.com,G,5.0,5.0,5.0,5.0,"at least the input for failed test cases can be show, this will help in debugging "
Enid,Enid1976@hotmail.com,B,5.0,5.0,5.0,5.0,
Adalberto,Adalberto1988@,H,3.0,3.0,3.0,3.0,
Marley,Marley1987@hotmail.com,D,4.0,5.0,5.0,4.0,
Karolyn,Karolyn1998@hotmail.com,G,3.0,4.0,3.0,4.0,
Damon,Damon1981@gmail.com,B,4.0,5.0,5.0,5.0,
Keven,Keven1981@gmail.com,D,4.0,4.0,4.0,4.0,
Alpheus,Alpheus1974@yahoo.com,H,5.0,5.0,5.0,5.0,
Sharita,Sharita1994@gmail.com,B,5.0,5.0,5.0,5.0,
Haden,Haden1989@yahoo.com,E,5.0,5.0,5.0,5.0,
Felton,Felton1989@gmail.com,F,1.0,,,,
Pauline,Pauline1988@company.com,H,5.0,5.0,1.0,5.0,
Ason,Ason1970@yahoo.com,B,1.0,3.0,3.0,3.0,
Donna,Donna1985@company.in,F,5.0,5.0,5.0,5.0,
Tania,Tania1992@company.in,A,2.0,3.0,1.0,3.0,
Bethel,Bethel1984@yahoo.com,F,5.0,5.0,5.0,5.0,
Rohan,Rohan1979@yahoo.com,A,4.0,5.0,5.0,5.0,
Davie,Davie1984@yahoo.com,A,3.0,4.0,4.0,4.0,
Ingrid,Ingrid1981@,B,4.0,3.0,3.0,4.0,
Pam,Pam1975@gmail.com,F,5.0,5.0,5.0,5.0,
Dinah,Dinah1992@,C,3.0,4.0,4.0,3.0,
Kimber,Kimber1992@yahoo.com,C,5.0,5.0,5.0,5.0,
Orley,Orley1996@yahoo.com,C,5.0,4.0,4.0,5.0,
Elza,Elza1996@yahoo.com,D,4.0,5.0,4.0,3.0,
Siena,Siena1987@gmail.com,F,5.0,4.0,4.0,4.0,
Chanie,Chanie1988@yahoo.com,D,4.0,4.0,4.0,4.0,
Chad,Chad1974@gmail.com,B,1.0,3.0,3.0,4.0,
Joanna,Joanna1983@hotmail.com,C,3.0,3.0,3.0,3.0,
Weldon,Weldon1999@company.in,C,1.0,1.0,1.0,1.0,
Kasie,Kasie1997@hotmail.com,G,5.0,5.0,5.0,5.0,
Cleve,Cleve1999@company.com,B,4.0,4.0,3.0,4.0,
Bess,Bess1989@company.com,B,5.0,5.0,5.0,5.0,
Ed,Ed1977@gmail.com,B,5.0,5.0,5.0,5.0,
Wayland,Wayland1993@hotmail.com,E,2.0,1.0,4.0,4.0,
Keanna,Keanna1975@gmail.com,D,5.0,5.0,5.0,5.0,
Wilson,Wilson1970@hotmail.com,B,1.0,,,,
Mel,Mel1987@company.com,B,2.0,4.0,4.0,3.0,"If constraints of the problem were given, then It might be helpful for the candidates. "
Oswaldo,Oswaldo1989@hotmail.com,H,5.0,5.0,5.0,5.0,good understanding of question was there
Randle,Randle1983@yahoo.com,A,4.0,3.0,4.0,3.0,
Jannette,Jannette1991@company.in,C,3.0,5.0,5.0,5.0,
Gus,Gus1993@company.in,H,3.0,5.0,5.0,2.0,Same questions as last assessment
Kisha,Kisha1981@gmail.com,B,4.0,5.0,5.0,4.0,
Hershel,Hershel1985@,C,3.0,4.0,4.0,4.0,
Elvin,Elvin1986@hotmail.com,F,5.0,4.0,5.0,5.0,
Arianna,Arianna1997@company.in,C,5.0,5.0,5.0,5.0,
Leander,Leander1979@yahoo.com,A,4.0,4.0,5.0,3.0,
Warner,Warner1996@hotmail.com,C,4.0,4.0,4.0,4.0,
Vincent,Vincent1981@,F,4.0,4.0,4.0,4.0,
Alvena,Alvena1977@hotmail.com,G,1.0,4.0,1.0,2.0,"Clarity of Questions: No Constraints was mentioned_x005F_x000D_
Usability of Code Editor:  was unable to copy my code from previous question it was unfair as it would have saved a lot of time in this competitive test._x005F_x000D_
Fairness of skill assessment: It was not fair to give 3 questions and only 90 minutes to code."
Jame,Jame1996@company.com,H,4.0,4.0,4.0,4.0,
Renada,Renada1995@gmail.com,F,4.0,1.0,1.0,4.0,
Gwenda,Gwenda1971@company.com,F,3.0,2.0,2.0,,
Noemi,Noemi1988@company.com,E,2.0,5.0,5.0,3.0,
Calista,Calista1988@gmail.com,C,1.0,1.0,1.0,3.0,
Angie,Angie1978@hotmail.com,B,1.0,2.0,2.0,3.0,
Hettie,Hettie1977@company.in,B,2.0,3.0,4.0,5.0,
Solon,Solon1975@company.in,H,3.0,3.0,3.0,4.0,
Enzo,Enzo1986@hotmail.com,G,2.0,2.0,5.0,4.0,
Gerald,Gerald1983@company.in,F,5.0,5.0,5.0,5.0,"Dear JUSPAY and HackerEarth ,_x005F_x000D_
Please help me I have been out of job since past 20 months now . I literally cry for help . Please help , I beg for help . Please help me I am crying on my knees to help find me the job . I beg for help , I am the only bread-earner of my family ,please I beg for help ."
Williard,Williard1977@gmail.com,F,5.0,5.0,5.0,5.0,
Victorine,Victorine1994@hotmail.com,G,1.0,4.0,3.0,2.0,
Janna,Janna1991@,C,3.0,1.0,1.0,1.0,"First, you don't provide default input behavior for node JS projects. which is very frustrating. Node js is not like java where we can write sc.next() or nextLine(). _x005F_x000D_
Second, you don't provide any IntelliSense. _x005F_x000D_
Third, mouse gets disappeared in the middle of the test. please work on your platform."
Belva,Belva1993@gmail.com,A,3.0,2.0,4.0,1.0,
Arron,Arron1975@hotmail.com,F,4.0,4.0,4.0,4.0,
Kennith,Kennith1991@,F,5.0,5.0,5.0,5.0,
Newman,Newman1980@company.in,F,2.0,4.0,4.0,5.0,It would be helpful if constraint of the inputs were provided. Anyways the questions were good.
Mel,Mel1983@gmail.com,C,4.0,1.0,1.0,4.0,"Horrible text editor, fullscreen is useless, scrolling is terrible"
Patricia,Patricia1993@company.in,H,5.0,5.0,5.0,5.0,
Carissa,Carissa1997@,G,5.0,5.0,5.0,5.0,
Larue,Larue1999@gmail.com,F,1.0,1.0,1.0,1.0,Not at all understandable question.
Irvin,Irvin1993@,E,1.0,5.0,3.0,1.0,"no constraints , very poorly written statements"
Kaci,Kaci1992@gmail.com,E,3.0,3.0,3.0,4.0,
Nicolette,Nicolette1977@yahoo.com,C,5.0,5.0,5.0,5.0,
Rohan,Rohan1987@company.in,G,5.0,4.0,2.0,4.0,sometime I wan unable to copy paste my own code.
Lilly,Lilly1998@,C,2.0,3.0,3.0,3.0,
Kaila,Kaila1985@yahoo.com,B,3.0,3.0,3.0,3.0,
Nikia,Nikia1990@yahoo.com,E,5.0,5.0,5.0,5.0,
Madlyn,Madlyn1972@company.com,C,3.0,3.0,3.0,3.0,
Phylis,Phylis1980@gmail.com,B,4.0,4.0,4.0,4.0,it was nice interacting with the question
Mikeal,Mikeal1991@company.in,B,2.0,4.0,4.0,4.0,
Justine,Justine1984@hotmail.com,A,1.0,1.0,4.0,1.0,All the problems were unclear especially 2nd and 3rd one where statements were incomplete LoL. 
Louie,Louie1994@company.com,F,5.0,5.0,5.0,1.0,
Francine,Francine1974@company.com,D,5.0,4.0,4.0,5.0,
Winter,Winter1972@company.com,H,3.0,3.0,3.0,3.0,
Willard,Willard1992@,H,4.0,4.0,4.0,,
Torey,Torey1978@yahoo.com,G,1.0,,,,
Martika,Martika1992@company.in,F,5.0,5.0,5.0,5.0,
Dereck,Dereck1990@company.in,G,5.0,5.0,5.0,5.0,
Raekwon,Raekwon1972@hotmail.com,E,3.0,5.0,4.0,5.0,
Jadyn,Jadyn1989@hotmail.com,C,2.0,1.0,1.0,1.0,
Treasure,Treasure1973@yahoo.com,A,1.0,4.0,4.0,4.0,
Lisa,Lisa1983@yahoo.com,C,5.0,5.0,,5.0,
Harden,Harden1997@company.com,H,2.0,5.0,5.0,5.0,"The last question didnot contain the order in which the result should be displayed or I feel There could be more testcases. _x005F_x000D_
I feel the question is little unclear."
Jeanetta,Jeanetta1971@company.com,C,5.0,5.0,5.0,5.0,
Nealie,Nealie1975@yahoo.com,H,5.0,5.0,5.0,3.0,all question are from only one topic
Angelita,Angelita1974@company.in,G,1.0,1.0,1.0,1.0,
Charolette,Charolette1998@,E,4.0,4.0,4.0,4.0,
Carolyn,Carolyn1998@company.com,G,2.0,3.0,3.0,3.0,
Janel,Janel1973@hotmail.com,H,5.0,5.0,5.0,5.0,
Antony,Antony1996@company.in,H,,,,,"The problems were really shit, without much description!!"
Tyreek,Tyreek1998@company.in,F,1.0,4.0,4.0,2.0,further explanation is required
Etha,Etha1982@yahoo.com,D,3.0,3.0,4.0,4.0,
Moriah,Moriah1970@hotmail.com,G,1.0,2.0,3.0,3.0,
Neal,Neal1987@yahoo.com,D,5.0,5.0,5.0,5.0,
Maymie,Maymie1975@yahoo.com,A,3.0,4.0,4.0,4.0,Question 3 was very unclear. The explanation could have been better and there could have been more sample examples to make it clear.
Howard,Howard1993@company.in,C,4.0,4.0,4.0,4.0,
Amber,Amber1992@yahoo.com,F,4.0,4.0,4.0,4.0,
Wilda,Wilda1979@hotmail.com,C,1.0,4.0,4.0,2.0,
Edyth,Edyth1974@company.com,E,1.0,4.0,4.0,3.0,the test cases were not enough for question understanding
Tenika,Tenika1996@gmail.com,A,2.0,5.0,5.0,,
Mahala,Mahala1985@company.com,F,2.0,3.0,4.0,3.0,
Michael,Michael1998@yahoo.com,C,2.0,1.0,1.0,2.0,
Unique,Unique1976@company.com,A,4.0,3.0,3.0,5.0,
Kathie,Kathie1975@company.com,B,2.0,5.0,5.0,5.0,
Laurence,Laurence1991@yahoo.com,B,5.0,5.0,5.0,5.0,
Venessa,Venessa1979@gmail.com,B,5.0,4.0,4.0,4.0,
Forest,Forest1977@,B,3.0,,,,
Susan,Susan1975@gmail.com,H,1.0,,,,
Jacques,Jacques1976@gmail.com,A,5.0,5.0,5.0,5.0,
Lavonne,Lavonne1975@company.com,C,4.0,4.0,4.0,4.0,
Rosalee,Rosalee1999@hotmail.com,B,4.0,4.0,3.0,4.0,
Malakai,Malakai1981@company.com,F,4.0,5.0,4.0,4.0,
Annabella,Annabella1971@gmail.com,G,4.0,5.0,5.0,5.0,
Calhoun,Calhoun1985@,B,2.0,2.0,3.0,3.0,
Coleman,Coleman1990@hotmail.com,G,5.0,5.0,5.0,5.0,thanks
Corrine,Corrine1994@company.com,A,5.0,5.0,5.0,5.0,
Jeffry,Jeffry1978@company.com,C,4.0,4.0,4.0,4.0,
Devonte,Devonte1988@yahoo.com,D,3.0,3.0,3.0,4.0,
Cheryle,Cheryle1974@gmail.com,A,3.0,4.0,4.0,4.0,
Yoshio,Yoshio1983@gmail.com,G,3.0,1.0,1.0,4.0,
Thresa,Thresa1999@,F,3.0,4.0,4.0,4.0,
Ruthe,Ruthe1981@company.in,G,4.0,4.0,4.0,5.0,
Retta,Retta1996@company.in,B,4.0,4.0,4.0,4.0,"Pretty much happy with what i have done and really looking forward for a job in a company like JUSPAY. i have done the hardwork and let's see what happens now._x005F_x000D_
_x005F_x000D_
Thnak U."
Cleve,Cleve1984@hotmail.com,H,4.0,1.0,1.0,5.0,
Miner,Miner1989@company.com,G,1.0,5.0,5.0,5.0,
Ami,Ami1976@,A,1.0,1.0,1.0,1.0,
Loyce,Loyce1987@hotmail.com,E,4.0,4.0,5.0,3.0,
Kia,Kia1991@gmail.com,E,3.0,2.0,1.0,4.0,
Merry,Merry1970@hotmail.com,E,4.0,1.0,1.0,5.0,"We should  must have option to edit our previous submission. _x005F_x000D_
Terrible Interface "
Hilda,Hilda1991@company.in,H,5.0,5.0,5.0,5.0,
Orvis,Orvis1979@company.in,G,1.0,4.0,3.0,5.0,
Robin,Robin1989@hotmail.com,E,5.0,5.0,5.0,5.0,
Emit,Emit1998@hotmail.com,G,5.0,5.0,1.0,5.0,Copy paste between questions was not possible
Alex,Alex1978@company.in,B,4.0,4.0,4.0,4.0,
Vashti,Vashti1995@company.in,C,5.0,5.0,5.0,5.0,
Roxana,Roxana1993@company.com,G,5.0,5.0,5.0,5.0,
Maurine,Maurine1990@company.com,C,1.0,2.0,2.0,3.0,
Graciela,Graciela1970@hotmail.com,F,5.0,2.0,2.0,4.0,
Creola,Creola1992@yahoo.com,E,2.0,5.0,5.0,5.0,
Bernhard,Bernhard1993@hotmail.com,A,2.0,3.0,2.0,2.0,
Lyndon,Lyndon1970@hotmail.com,H,5.0,5.0,5.0,5.0,
Myron,Myron1991@company.in,H,3.0,3.0,3.0,3.0,
Briley,Briley1985@gmail.com,E,3.0,1.0,4.0,4.0,
Zebulon,Zebulon1989@gmail.com,E,2.0,2.0,2.0,2.0,
Luna,Luna1986@company.com,C,5.0,5.0,5.0,5.0,
Torey,Torey1996@company.in,G,5.0,5.0,5.0,5.0,
Siena,Siena1989@company.in,E,5.0,3.0,3.0,5.0,
Coen,Coen1983@hotmail.com,H,4.0,1.0,1.0,4.0,Please allow copying of code from one question to another at least within the website if not from elsewhere. Users have to write same solutions twice or thrice if the questions are inter related as in this case. The code editor auto complete doesn't work most of the time. It magically appears or disappears anytime. 
Diego,Diego1988@company.com,G,2.0,4.0,4.0,4.0,
Thomas,Thomas1999@gmail.com,H,5.0,5.0,5.0,5.0,
Marylin,Marylin1975@,F,1.0,1.0,1.0,1.0,
Nola,Nola1998@company.com,C,5.0,5.0,,,
Verlyn,Verlyn1996@,D,3.0,4.0,5.0,4.0,
Montserrat,Montserrat1993@company.in,E,3.0,1.0,,,"Please improve your interface. I lost a lot of time just trying to figure out STDIN stuff. I mean it's 2021 can't you guys figure out how to parse these inputs and just ask the candidate to fill out the requisite functions._x005F_x000D_
Look at Hackerrank, LeetCode, interviewbit, etc. all of them do it."
Simona,Simona1996@yahoo.com,H,5.0,5.0,5.0,5.0,
Helena,Helena1992@company.com,H,1.0,1.0,2.0,3.0,
Charle,Charle1994@company.com,E,2.0,1.0,1.0,4.0,
Trula,Trula1970@hotmail.com,C,3.0,4.0,4.0,4.0,
Antwon,Antwon1975@company.com,E,1.0,1.0,1.0,1.0,"1. The problems were not clear. _x005F_x000D_
2. The input format was not clear. _x005F_x000D_
3. The constraints were not mentioned. _x005F_x000D_
4. The problem statement was not clear._x005F_x000D_
5. It was not mentioned that it is a directed graph. _x005F_x000D_
6. It was not mentioned that you have to print -1 if there is no answer. _x005F_x000D_
7. Why is there unnecessary coordinate compression ? If all 3 problems are based on the same graph, we should be able to reuse the same code ? "
Carma,Carma1984@company.in,F,1.0,1.0,1.0,1.0,
Doreen,Doreen1971@yahoo.com,G,2.0,5.0,3.0,2.0,
Karli,Karli1997@yahoo.com,F,5.0,5.0,5.0,5.0,
Gracia,Gracia1991@,G,4.0,4.0,4.0,4.0,
Milas,Milas1974@gmail.com,G,1.0,5.0,5.0,4.0,
Hortencia,Hortencia1993@company.in,D,1.0,1.0,1.0,1.0,"This was the worst test I have attempted on HackerEarth in several years._x005F_x000D_
_x005F_x000D_
1. Unclear problem statement - it wasn't clear whether the graphs for all problems were supposed to be directed or undirected. Granted the terms used were follower and following but these were used in the input format and not the problem statement itself._x005F_x000D_
_x005F_x000D_
2. For problem 2, it wasn't stated what to return when there is no path between the follower and expert. It was -1, but that should have been explicitly stated._x005F_x000D_
_x005F_x000D_
3. for problem 3, we needed to output a SORTED set of vertices to remove, which was not mentioned anywhere_x005F_x000D_
_x005F_x000D_
4. Also, it wasn't clear what to do in problem 3, whether removing someone immediate from the network removes all the incoming edges from them or outgoing edges._x005F_x000D_
_x005F_x000D_
5. There was no diagram to explain the ambiguous questions. _x005F_x000D_
_x005F_x000D_
6. There were no input constraints given in the problem_x005F_x000D_
_x005F_x000D_
7. There was no way to test the code with custom test cases"
Willene,Willene1974@,E,1.0,3.0,2.0,3.0,
Jaimee,Jaimee1980@gmail.com,G,5.0,5.0,5.0,5.0,
Lassie,Lassie1982@company.com,H,3.0,5.0,4.0,3.0,
Lesia,Lesia1993@hotmail.com,D,4.0,4.0,,,
Dejuan,Dejuan1996@yahoo.com,D,2.0,3.0,3.0,3.0,
Marian,Marian1970@,F,1.0,1.0,1.0,1.0,
Curtiss,Curtiss1975@gmail.com,F,5.0,5.0,5.0,5.0,
Karren,Karren1984@,A,5.0,2.0,5.0,4.0,
Hartley,Hartley1989@company.com,G,5.0,5.0,5.0,5.0,
Nadine,Nadine1973@hotmail.com,E,2.0,5.0,5.0,5.0,
Sabrina,Sabrina1999@company.in,B,4.0,4.0,4.0,4.0,best
Kimball,Kimball1980@company.com,D,2.0,2.0,1.0,4.0,
Jelani,Jelani1992@,A,1.0,4.0,4.0,4.0,
Kaleigh,Kaleigh1974@gmail.com,D,4.0,3.0,4.0,3.0,
Reece,Reece1994@company.com,G,2.0,3.0,3.0,3.0,
Baxter,Baxter1984@,D,2.0,2.0,2.0,4.0,"1. VS Code editor mode is not good. It shows compilation error even when there are none. _x005F_x000D_
2. Constraints on input not given forcing to make assumptions._x005F_x000D_
3. No option to run custom test cases. "
Juana,Juana1977@company.com,G,4.0,3.0,5.0,4.0,
Conard,Conard1998@company.com,A,3.0,4.0,4.0,3.0,
Garrett,Garrett1992@yahoo.com,F,1.0,3.0,4.0,2.0,
Thad,Thad1995@company.com,C,1.0,1.0,1.0,1.0,"Was this a typing speed test?_x005F_x000D_
Why do I need to write all the code to get inputs? _x005F_x000D_
Can't the function logic only be just fine?_x005F_x000D_
Annoying waste of time."
Effa,Effa1998@company.com,D,1.0,,2.0,5.0,
Dannie,Dannie1977@,C,1.0,4.0,5.0,3.0,In second problem if node is not reachable then we should print -1 but not stated in problem.
Xzavier,Xzavier1980@hotmail.com,D,5.0,5.0,5.0,5.0,
Amasa,Amasa1989@company.in,E,2.0,2.0,2.0,4.0,
Artie,Artie1980@hotmail.com,A,5.0,5.0,5.0,5.0,
Estelle,Estelle1996@gmail.com,H,2.0,3.0,3.0,3.0,sdasdas
Orlena,Orlena1976@company.in,F,3.0,5.0,5.0,4.0,
Cordie,Cordie1986@hotmail.com,E,4.0,5.0,5.0,4.0,
Mai,Mai1985@,H,5.0,5.0,5.0,5.0,
Alberta,Alberta1983@company.com,G,2.0,2.0,3.0,2.0,
Tatyanna,Tatyanna1993@gmail.com,B,1.0,5.0,5.0,1.0,
Hays,Hays1975@hotmail.com,H,1.0,1.0,1.0,1.0,
Tatianna,Tatianna1984@company.com,H,,,,,"All are similar questions, since there is no option of copy/paste,  similar logic has to be re-written, due to which a lot of time is wasted. Maybe for such questions, if there is an option of re-using previously written code, we can spend time in writing actual logic rather than the same base code  again."
Renae,Renae1991@hotmail.com,B,2.0,5.0,5.0,5.0,Test cases were not proper
Elizebeth,Elizebeth1985@yahoo.com,C,2.0,2.0,2.0,2.0,
Allene,Allene1994@company.com,F,2.0,4.0,2.0,2.0,
Markell,Markell1979@company.in,D,3.0,3.0,3.0,3.0,
Sharee,Sharee1977@company.com,F,5.0,5.0,5.0,5.0,
Sibyl,Sibyl1996@gmail.com,C,5.0,5.0,5.0,5.0,
Jerrie,Jerrie1983@,F,1.0,3.0,4.0,3.0,
Keegan,Keegan1978@yahoo.com,D,5.0,5.0,5.0,5.0,
Roberto,Roberto1988@yahoo.com,E,3.0,3.0,2.0,4.0,
Sadie,Sadie1986@company.in,H,5.0,5.0,5.0,5.0,
Cathi,Cathi1981@company.in,E,2.0,4.0,4.0,3.0,
Latoyia,Latoyia1992@hotmail.com,H,4.0,4.0,1.0,1.0,"Copying code from one question to other question should be allowed, you are not testing typing speed here."
Zoa,Zoa1999@,F,5.0,5.0,5.0,5.0,
Dillan,Dillan1981@hotmail.com,F,5.0,5.0,5.0,5.0,
Rosaria,Rosaria1978@company.com,A,5.0,5.0,5.0,5.0,
Fredrick,Fredrick1984@company.in,B,2.0,3.0,3.0,4.0,
Reuben,Reuben1988@yahoo.com,H,1.0,5.0,5.0,5.0,
Elmira,Elmira1990@company.in,C,1.0,3.0,2.0,4.0,
Gwenda,Gwenda1994@hotmail.com,D,5.0,5.0,5.0,2.0,
Ama,Ama1991@gmail.com,B,3.0,4.0,4.0,5.0,
Cristian,Cristian1989@,G,5.0,5.0,5.0,5.0,
Jacques,Jacques1992@hotmail.com,G,5.0,5.0,5.0,5.0,"Overall, a great experience"
Almeda,Almeda1995@hotmail.com,C,4.0,5.0,5.0,4.0,
Heriberto,Heriberto1970@company.com,G,1.0,4.0,2.0,4.0,
Cody,Cody1976@gmail.com,G,4.0,3.0,4.0,4.0,
Lon,Lon1985@company.com,H,1.0,3.0,3.0,3.0,The questions quality was absolute garbage. 
Jake,Jake1991@yahoo.com,A,5.0,5.0,5.0,5.0,
Charity,Charity1985@company.com,B,1.0,3.0,4.0,4.0,
Karma,Karma1977@hotmail.com,C,4.0,3.0,3.0,4.0,
Una,Una1974@gmail.com,G,5.0,5.0,5.0,5.0,
Raven,Raven1994@yahoo.com,G,5.0,5.0,3.0,2.0,
Howell,Howell1998@gmail.com,B,4.0,4.0,3.0,3.0,
Vilma,Vilma1971@gmail.com,H,3.0,4.0,4.0,4.0,
Hart,Hart1997@yahoo.com,G,4.0,4.0,4.0,4.0,
Jacquline,Jacquline1973@,D,5.0,5.0,,5.0,
Carlotta,Carlotta1975@yahoo.com,H,4.0,4.0,4.0,4.0,
Izayah,Izayah1970@company.com,F,2.0,2.0,2.0,2.0,
Helma,Helma1995@company.com,G,5.0,5.0,5.0,5.0,
Theda,Theda1991@company.in,G,4.0,5.0,4.0,4.0,
Phyllis,Phyllis1998@company.com,C,5.0,5.0,5.0,5.0,
Myra,Myra1988@gmail.com,B,5.0,5.0,5.0,5.0,
Cary,Cary1986@company.com,G,,,1.0,,
Makhi,Makhi1995@company.com,B,5.0,4.0,4.0,4.0,
Isaak,Isaak1975@company.in,H,5.0,5.0,5.0,5.0,
Staci,Staci1987@,B,2.0,4.0,4.0,4.0,
Gee,Gee1991@company.in,A,5.0,5.0,5.0,5.0,
Phylis,Phylis1995@gmail.com,D,3.0,4.0,4.0,3.0,
Nanie,Nanie1988@yahoo.com,F,3.0,5.0,5.0,3.0,
Clement,Clement1990@gmail.com,H,5.0,3.0,3.0,4.0,
Virgia,Virgia1982@gmail.com,C,1.0,1.0,1.0,1.0,
Francisqui,Francisqui1992@gmail.com,E,5.0,5.0,5.0,5.0,Good 
Beecher,Beecher1975@company.com,F,,,,,java language is not there
Fredie,Fredie1981@,B,5.0,5.0,5.0,5.0,
Ramona,Ramona1980@,F,3.0,3.0,4.0,4.0,
Madalynn,Madalynn1987@company.in,H,5.0,5.0,5.0,5.0,
Tatianna,Tatianna1987@hotmail.com,A,5.0,5.0,5.0,5.0,
Jedidiah,Jedidiah1984@hotmail.com,A,5.0,5.0,5.0,5.0,
Winfield,Winfield1979@yahoo.com,H,3.0,3.0,3.0,3.0,
Violet,Violet1994@gmail.com,G,5.0,5.0,5.0,5.0,
Hezzie,Hezzie1989@gmail.com,H,5.0,3.0,4.0,4.0,
Frazier,Frazier1989@yahoo.com,G,5.0,5.0,,,
Torrance,Torrance1977@yahoo.com,C,5.0,5.0,5.0,5.0,
Donn,Donn1986@gmail.com,B,5.0,5.0,5.0,5.0,
Tommie,Tommie1978@gmail.com,A,5.0,5.0,5.0,,
Taj,Taj1984@,C,,5.0,,5.0,
Stacy,Stacy1980@hotmail.com,E,5.0,4.0,3.0,4.0,
Theodosia,Theodosia1999@hotmail.com,E,4.0,4.0,4.0,4.0,
Lary,Lary1985@,B,4.0,5.0,5.0,5.0,
Crockett,Crockett1990@yahoo.com,D,4.0,4.0,4.0,4.0,
Montel,Montel1986@gmail.com,F,4.0,5.0,5.0,3.0,
Courtney,Courtney1999@yahoo.com,H,5.0,1.0,5.0,4.0,
Margo,Margo1983@company.in,E,4.0,5.0,5.0,5.0,
Kyson,Kyson1970@,C,3.0,4.0,4.0,5.0,
Shante,Shante1984@,B,3.0,4.0,5.0,3.0,
Lori,Lori1971@company.in,D,5.0,5.0,5.0,5.0,"Nice problems , enjoyed doing them "
Kaiden,Kaiden1999@,H,4.0,4.0,4.0,2.0,
Anthony,Anthony1976@company.com,A,3.0,3.0,3.0,3.0,
Hezekiah,Hezekiah1993@company.in,D,4.0,4.0,4.0,4.0,
Cason,Cason1985@company.in,C,5.0,4.0,4.0,3.0,
Mabel,Mabel1993@gmail.com,A,5.0,5.0,5.0,5.0,
Alexis,Alexis1995@company.in,G,5.0,5.0,5.0,5.0,
Lucille,Lucille1991@company.com,D,3.0,4.0,4.0,4.0,
Alberto,Alberto1972@yahoo.com,E,2.0,4.0,4.0,3.0,
Mabel,Mabel1996@,E,,,,,i am java developer
Fannie,Fannie1979@yahoo.com,H,3.0,,,,
Rozanne,Rozanne1997@company.in,H,1.0,1.0,1.0,1.0,there was no test!
Izetta,Izetta1991@yahoo.com,E,5.0,4.0,4.0,4.0,
Isai,Isai1994@yahoo.com,D,5.0,5.0,5.0,3.0,
Nena,Nena1973@company.com,E,5.0,5.0,4.0,5.0,
Walker,Walker1988@company.com,F,5.0,5.0,5.0,5.0,
Emory,Emory1991@company.com,D,2.0,1.0,2.0,3.0,
Deven,Deven1972@yahoo.com,B,3.0,4.0,4.0,3.0,
Elgie,Elgie1986@hotmail.com,D,4.0,4.0,4.0,4.0,
Barnett,Barnett1992@hotmail.com,G,5.0,5.0,5.0,5.0,
Loy,Loy1984@company.com,G,5.0,5.0,5.0,5.0,
Shira,Shira1996@gmail.com,F,1.0,3.0,2.0,2.0,
Dax,Dax1975@gmail.com,A,3.0,,,,
Arlis,Arlis1976@,E,3.0,3.0,3.0,5.0,
Winston,Winston1990@,H,5.0,5.0,5.0,5.0,
Arlene,Arlene1979@,F,5.0,4.0,5.0,4.0,
Tarah,Tarah1973@,F,5.0,5.0,5.0,5.0,Thanks 
Harrison,Harrison1988@gmail.com,F,4.0,4.0,4.0,4.0,
Gilmore,Gilmore1978@company.in,F,5.0,5.0,5.0,5.0,
Hebert,Hebert1979@gmail.com,F,5.0,5.0,5.0,5.0,
Adolf,Adolf1998@company.com,G,5.0,5.0,5.0,5.0,
Euphemia,Euphemia1977@hotmail.com,C,5.0,5.0,5.0,5.0,
Nanette,Nanette1971@gmail.com,E,1.0,5.0,5.0,5.0,
Clarnce,Clarnce1971@,F,5.0,5.0,5.0,5.0,
Kendal,Kendal1992@hotmail.com,G,5.0,5.0,5.0,5.0,
Kandi,Kandi1989@gmail.com,H,5.0,5.0,5.0,5.0,
Breana,Breana1983@hotmail.com,B,5.0,4.0,2.0,3.0,
Nikolas,Nikolas1978@,G,5.0,5.0,5.0,5.0,
Anne,Anne1984@gmail.com,H,4.0,4.0,4.0,4.0,
Baylee,Baylee1985@yahoo.com,G,5.0,5.0,5.0,5.0,
Mabell,Mabell1973@company.com,E,2.0,2.0,2.0,2.0,
Timothy,Timothy1991@company.in,B,5.0,5.0,5.0,5.0,
Briana,Briana1994@hotmail.com,G,4.0,4.0,4.0,4.0,
George,George1977@hotmail.com,F,5.0,5.0,5.0,5.0,
Tammie,Tammie1998@gmail.com,F,2.0,4.0,4.0,3.0,"for abbc,_x005F_x000D_
there exist --> 7 unique sub strings_x005F_x000D_
{a}, {b}, {c}, {ab}, {bc}, {ac}, and {abc}_x005F_x000D_
your test case was wrong"
Irine,Irine1980@yahoo.com,D,5.0,5.0,4.0,5.0,
Effie,Effie1971@,A,4.0,4.0,4.0,4.0,
Jazmin,Jazmin1992@,E,5.0,5.0,5.0,5.0,
Korey,Korey1983@gmail.com,C,4.0,4.0,4.0,4.0,
Giuseppe,Giuseppe1996@hotmail.com,G,5.0,5.0,5.0,5.0,
Mina,Mina1973@company.com,E,5.0,5.0,5.0,5.0,
Seymour,Seymour1999@yahoo.com,C,3.0,4.0,4.0,2.0,
Terri,Terri1991@company.com,D,5.0,5.0,5.0,5.0,
Jethro,Jethro1976@yahoo.com,B,5.0,5.0,4.0,4.0,
Darry,Darry1977@yahoo.com,G,4.0,5.0,5.0,4.0,
French,French1985@,C,4.0,4.0,4.0,4.0,
Adan,Adan1975@gmail.com,G,4.0,3.0,4.0,4.0,
Anfernee,Anfernee1984@,F,4.0,3.0,2.0,1.0,
Ailene,Ailene1975@,C,5.0,5.0,5.0,5.0,
Jeanetta,Jeanetta1998@company.com,A,3.0,4.0,5.0,5.0,
Aidan,Aidan1996@,C,5.0,5.0,5.0,5.0,
Cheri,Cheri1992@gmail.com,C,5.0,5.0,5.0,,
Hedwig,Hedwig1988@gmail.com,H,,5.0,,,
Nanette,Nanette1991@company.com,E,5.0,5.0,5.0,5.0,
Lydia,Lydia1976@hotmail.com,C,3.0,5.0,5.0,5.0,
Carlos,Carlos1995@,B,1.0,1.0,1.0,1.0,
Nancie,Nancie1983@gmail.com,D,4.0,4.0,4.0,4.0,
Euphemia,Euphemia1977@company.in,A,2.0,3.0,4.0,4.0,
Rubin,Rubin1970@company.com,G,4.0,4.0,4.0,4.0,
Keyla,Keyla1972@gmail.com,F,5.0,5.0,5.0,5.0,
Maggie,Maggie1995@company.in,D,5.0,,,,
Kathey,Kathey1999@hotmail.com,C,3.0,4.0,4.0,2.0,
Gertie,Gertie1995@,E,4.0,4.0,4.0,4.0,
Charolette,Charolette1980@company.in,D,5.0,5.0,5.0,5.0,
Beckham,Beckham1992@company.com,B,5.0,5.0,,,
Liddie,Liddie1992@,H,5.0,3.0,,,
Antonette,Antonette1981@company.com,E,4.0,3.0,2.0,4.0,
Jensen,Jensen1992@gmail.com,B,5.0,5.0,5.0,5.0,
Sanders,Sanders1989@hotmail.com,C,1.0,1.0,1.0,1.0,"the testcase were wrong it spoiled the contest_x005F_x000D_
"
Len,Len1984@,F,5.0,5.0,5.0,5.0,
Lulu,Lulu1972@gmail.com,D,5.0,5.0,5.0,5.0,
Bonnie,Bonnie1979@,C,5.0,3.0,3.0,4.0,"Fullscreen is not working properly , if we want to test code ,Everytime need to scoll down to press button"
Reason,Reason1983@gmail.com,G,4.0,4.0,4.0,4.0,
Alger,Alger1994@company.in,B,3.0,3.0,3.0,3.0,
Tara,Tara1983@company.in,E,5.0,5.0,5.0,5.0,
Merrilee,Merrilee1971@,B,5.0,5.0,5.0,1.0,
Yetta,Yetta1993@company.com,A,,,,1.0,No java
Marcela,Marcela1999@yahoo.com,H,5.0,4.0,4.0,5.0,
Fred,Fred1987@hotmail.com,G,4.0,4.0,4.0,4.0,
Immanuel,Immanuel1987@hotmail.com,D,4.0,4.0,4.0,4.0,
Marilla,Marilla1982@yahoo.com,A,4.0,5.0,5.0,5.0,I am not sure if its the recruiters ask and I am the right person to tell this but from the last 4 to 5 contests i am seeing questions only related to XOR operations and bits 
Hazelle,Hazelle1998@company.com,H,5.0,5.0,5.0,5.0,
Breanna,Breanna1989@company.in,H,4.0,3.0,4.0,4.0,
Mitchell,Mitchell1980@,H,3.0,3.0,3.0,3.0,
Mathilde,Mathilde1979@gmail.com,H,1.0,3.0,3.0,3.0,
Rosina,Rosina1994@company.com,E,5.0,5.0,5.0,3.0,
Ayesha,Ayesha1970@hotmail.com,B,5.0,5.0,5.0,5.0,
Tyrell,Tyrell1990@company.in,C,5.0,5.0,5.0,5.0,
Lyndia,Lyndia1986@company.com,F,5.0,5.0,5.0,5.0,
Primus,Primus1974@company.com,A,1.0,3.0,1.0,1.0,
Tierra,Tierra1983@,F,1.0,5.0,5.0,,
Terese,Terese1997@,F,5.0,5.0,4.0,5.0,
Rettie,Rettie1995@yahoo.com,H,2.0,1.0,1.0,1.0,
Dorothea,Dorothea1980@,D,3.0,3.0,3.0,3.0,
Cara,Cara1992@yahoo.com,F,2.0,,,,
Shepherd,Shepherd1980@hotmail.com,B,5.0,5.0,5.0,5.0,
Beverley,Beverley1986@,A,4.0,5.0,4.0,5.0,
Ema,Ema1974@yahoo.com,A,5.0,5.0,5.0,5.0,
Janis,Janis1981@,C,,,,,Error in provided boilerplate code for second programing question.
Kristopher,Kristopher1975@,E,4.0,5.0,5.0,4.0,
Mistie,Mistie1999@gmail.com,A,5.0,4.0,4.0,4.0,
Neveah,Neveah1982@gmail.com,D,5.0,5.0,5.0,1.0,
Verlene,Verlene1971@company.com,C,5.0,5.0,5.0,5.0,
Ethyle,Ethyle1982@yahoo.com,A,1.0,1.0,1.0,1.0,
Larae,Larae1985@,D,5.0,5.0,5.0,4.0,
Newell,Newell1981@yahoo.com,E,1.0,5.0,5.0,3.0,
Jerry,Jerry1990@company.in,F,3.0,3.0,3.0,3.0,
Kyan,Kyan1997@yahoo.com,B,5.0,5.0,5.0,5.0,
Theodore,Theodore1974@,F,,,,,Nicee
Rashaad,Rashaad1994@yahoo.com,F,2.0,5.0,5.0,3.0,
Claudia,Claudia1973@hotmail.com,H,3.0,3.0,3.0,2.0,In first programming question although the solution is correct it is saying timeout exceed. I went through the given example and printed things as it is and at each step i am getting the output as mentioned in example.please look into this.
Warner,Warner1998@company.in,B,3.0,3.0,3.0,3.0,
Keyla,Keyla1994@hotmail.com,C,2.0,4.0,3.0,3.0,
Trinidad,Trinidad1996@,F,4.0,5.0,5.0,5.0,
Daija,Daija1990@yahoo.com,D,,,,,Not applicable as I have no python or C++ experience.
Janice,Janice1971@,F,5.0,,,,
Rodolfo,Rodolfo1991@company.com,G,4.0,4.0,1.0,5.0,
Hugh,Hugh1980@gmail.com,B,5.0,5.0,5.0,5.0,
Shawnda,Shawnda1971@,D,5.0,2.0,5.0,3.0,
Avah,Avah1987@hotmail.com,H,5.0,5.0,5.0,5.0,
Garner,Garner1984@company.com,A,4.0,4.0,4.0,4.0,
Humberto,Humberto1985@yahoo.com,D,5.0,3.0,4.0,4.0,
Lora,Lora1971@,E,2.0,3.0,3.0,2.0,
Shirlene,Shirlene1990@hotmail.com,A,2.0,3.0,2.0,2.0,
Ninnie,Ninnie1983@company.com,E,5.0,5.0,5.0,5.0,
Sheri,Sheri1984@yahoo.com,F,4.0,,,4.0,
Merrily,Merrily1989@hotmail.com,H,3.0,,,,
Brien,Brien1997@gmail.com,A,5.0,5.0,5.0,5.0,
Rustin,Rustin1971@gmail.com,D,5.0,5.0,5.0,5.0,
Everette,Everette1994@company.com,C,4.0,3.0,3.0,4.0,
Miguelangel,Miguelangel1974@company.com,H,5.0,5.0,5.0,5.0,
Romaine,Romaine1979@hotmail.com,H,5.0,5.0,,5.0,
Annetta,Annetta1970@hotmail.com,D,4.0,3.0,4.0,4.0,
Brooke,Brooke1993@hotmail.com,B,4.0,4.0,4.0,4.0,
Deandra,Deandra1984@gmail.com,E,5.0,4.0,5.0,4.0,
Georganna,Georganna1995@,D,5.0,4.0,4.0,3.0,
Roel,Roel1992@gmail.com,A,4.0,3.0,1.0,4.0,
Jayda,Jayda1975@,A,5.0,5.0,5.0,5.0,
Harmony,Harmony1971@yahoo.com,C,5.0,3.0,3.0,4.0,
Illya,Illya1989@gmail.com,A,4.0,4.0,4.0,3.0,
Raekwon,Raekwon1978@yahoo.com,F,4.0,3.0,5.0,3.0,
Hosteen,Hosteen1989@yahoo.com,E,4.0,4.0,4.0,4.0,
